Workbook

Sheet Solar Working
B2: Date | C2: TNEB Consumption Units CSL | H2: CSL IEX After Losses | N2: Solar | S2: Balance in TNEB | T2: Banking Balance
C3: C1 | D3: C2 | E3: C4 | F3: C5 | G3: Total | H3: C1 | I3: C2 | J3: C4 | K3: C5 | L3: Total | M3: Total Cons - IEX | N3: C1 | O3: C2 | P3: C4 | Q3: C5 | R3: Total
B4: 46174 | C4: =+TNEB!$I13 -> 9600 | D4: =+TNEB!$L13 -> 10000 | E4: =+TNEB!$R13 -> 22300 | F4: =+TNEB!$U13 -> 17200 | G4: =SUM(C4:F4) -> 59100 | H4: {=INDEX(DAM!$100:$100,ROW(H2))+INDEX(RTM!$100:$100,ROW(H2))} -> 7520 | I4: {=INDEX(DAM!$101:$101,ROW(I2))+INDEX(RTM!$101:$101,ROW(I2))} -> 940 | J4: {=INDEX(DAM!$103:$103,ROW(J2))+INDEX(RTM!$103:$103,ROW(J2))} -> 9870 | K4: {=INDEX(DAM!$104:$104,ROW(K2))} -> 0 | L4: =SUM(H4:K4) -> 18330 | M4: =+G4-L4 -> 40770 | N4: 7109.1 | P4: 28432.35 | R4: =SUM(N4:Q4) -> 35541.45 | S4: =G4-L4-R4 -> 5228.55 | T4: =R4-M4 -> -5228.55
B5: 46175 | C5: =+TNEB!$I14 -> 9700 | D5: =+TNEB!$L14 -> 9600 | E5: =+TNEB!$R14 -> 23200 | F5: =+TNEB!$U14 -> 16500 | G5: =SUM(C5:F5) -> 59000 | H5: {=INDEX(DAM!$100:$100,ROW(H3))+INDEX(RTM!$100:$100,ROW(H3))} -> 7520 | I5: {=INDEX(DAM!$101:$101,ROW(I3))+INDEX(RTM!$101:$101,ROW(I3))} -> 1410 | J5: {=INDEX(DAM!$103:$103,ROW(J3))+INDEX(RTM!$103:$103,ROW(J3))} -> 9400 | K5: {=INDEX(DAM!$104:$104,ROW(K3))} -> 0 | L5: =SUM(H5:K5) -> 18330 | M5: =+G5-L5 -> 40670 | N5: 7109.1 | P5: 28432.35 | R5: =SUM(N5:Q5) -> 35541.45 | S5: =G5-L5-R5 -> 5128.55 | T5: =R5-M5 -> -5128.55
B6: 46176 | C6: =+TNEB!$I15 -> 9500 | D6: =+TNEB!$L15 -> 9300 | E6: =+TNEB!$R15 -> 20500 | F6: =+TNEB!$U15 -> 17000 | G6: =SUM(C6:F6) -> 56300 | H6: {=INDEX(DAM!$100:$100,ROW(H4))+INDEX(RTM!$100:$100,ROW(H4))} -> 7520 | I6: {=INDEX(DAM!$101:$101,ROW(I4))+INDEX(RTM!$101:$101,ROW(I4))} -> 1410 | J6: {=INDEX(DAM!$103:$103,ROW(J4))+INDEX(RTM!$103:$103,ROW(J4))} -> 8930 | K6: {=INDEX(DAM!$104:$104,ROW(K4))} -> 0 | L6: =SUM(H6:K6) -> 17860 | M6: =+G6-L6 -> 38440 | N6: 7109.1 | P6: 28432.35 | R6: =SUM(N6:Q6) -> 35541.45 | S6: =G6-L6-R6 -> 2898.55 | T6: =R6-M6 -> -2898.55
B7: 46177 | C7: =+TNEB!$I16 -> 9400 | D7: =+TNEB!$L16 -> 8800 | E7: =+TNEB!$R16 -> 19400 | F7: =+TNEB!$U16 -> 14900 | G7: =SUM(C7:F7) -> 52500 | H7: {=INDEX(DAM!$100:$100,ROW(H5))+INDEX(RTM!$100:$100,ROW(H5))} -> 7520 | I7: {=INDEX(DAM!$101:$101,ROW(I5))+INDEX(RTM!$101:$101,ROW(I5))} -> 940 | J7: {=INDEX(DAM!$103:$103,ROW(J5))+INDEX(RTM!$103:$103,ROW(J5))} -> 9400 | K7: {=INDEX(DAM!$104:$104,ROW(K5))} -> 0 | L7: =SUM(H7:K7) -> 17860 | M7: =+G7-L7 -> 34640 | N7: 7109.1 | P7: 28432.35 | R7: =SUM(N7:Q7) -> 35541.45 | S7: =G7-L7-R7 -> -901.45 | T7: =R7-M7 -> 901.45
B8: 46178 | C8: =+TNEB!$I17 -> 9600 | D8: =+TNEB!$L17 -> 10000 | E8: =+TNEB!$R17 -> 22200 | F8: =+TNEB!$U17 -> 16700 | G8: =SUM(C8:F8) -> 58500 | H8: {=INDEX(DAM!$100:$100,ROW(H6))+INDEX(RTM!$100:$100,ROW(H6))} -> 7050 | I8: {=INDEX(DAM!$101:$101,ROW(I6))+INDEX(RTM!$101:$101,ROW(I6))} -> 940 | J8: {=INDEX(DAM!$103:$103,ROW(J6))+INDEX(RTM!$103:$103,ROW(J6))} -> 8930 | K8: {=INDEX(DAM!$104:$104,ROW(K6))} -> 0 | L8: =SUM(H8:K8) -> 16920 | M8: =+G8-L8 -> 41580 | N8: 7109.1 | P8: 28432.35 | R8: =SUM(N8:Q8) -> 35541.45 | S8: =G8-L8-R8 -> 6038.55 | T8: =R8-M8 -> -6038.55
B9: 46179 | C9: =+TNEB!$I18 -> 8900 | D9: =+TNEB!$L18 -> 10000 | E9: =+TNEB!$R18 -> 20500 | F9: =+TNEB!$U18 -> 16500 | G9: =SUM(C9:F9) -> 55900 | H9: {=INDEX(DAM!$100:$100,ROW(H7))+INDEX(RTM!$100:$100,ROW(H7))} -> 7520 | I9: {=INDEX(DAM!$101:$101,ROW(I7))+INDEX(RTM!$101:$101,ROW(I7))} -> 1880 | J9: {=INDEX(DAM!$103:$103,ROW(J7))+INDEX(RTM!$103:$103,ROW(J7))} -> 9400 | K9: {=INDEX(DAM!$104:$104,ROW(K7))} -> 0 | L9: =SUM(H9:K9) -> 18800 | M9: =+G9-L9 -> 37100 | N9: 7109.1 | P9: 28432.35 | R9: =SUM(N9:Q9) -> 35541.45 | S9: =G9-L9-R9 -> 1558.55 | T9: =R9-M9 -> -1558.55
B10: 46180 | C10: =+TNEB!$I19 -> 9600 | D10: =+TNEB!$L19 -> 8600 | E10: =+TNEB!$R19 -> 21800 | F10: =+TNEB!$U19 -> 15300 | G10: =SUM(C10:F10) -> 55300 | H10: {=INDEX(DAM!$100:$100,ROW(H8))+INDEX(RTM!$100:$100,ROW(H8))} -> 7520 | I10: {=INDEX(DAM!$101:$101,ROW(I8))+INDEX(RTM!$101:$101,ROW(I8))} -> 3760 | J10: {=INDEX(DAM!$103:$103,ROW(J8))+INDEX(RTM!$103:$103,ROW(J8))} -> 11750 | K10: {=INDEX(DAM!$104:$104,ROW(K8))} -> 0 | L10: =SUM(H10:K10) -> 23030 | M10: =+G10-L10 -> 32270 | N10: 7109.1 | P10: 28432.35 | R10: =SUM(N10:Q10) -> 35541.45 | S10: =G10-L10-R10 -> -3271.45 | T10: =R10-M10 -> 3271.45
B11: 46181 | C11: =+TNEB!$I20 -> 8300 | D11: =+TNEB!$L20 -> 3600 | E11: =+TNEB!$R20 -> 11900 | F11: =+TNEB!$U20 -> 8200 | G11: =SUM(C11:F11) -> 32000 | H11: {=INDEX(DAM!$100:$100,ROW(H9))+INDEX(RTM!$100:$100,ROW(H9))} -> 7520 | I11: {=INDEX(DAM!$101:$101,ROW(I9))+INDEX(RTM!$101:$101,ROW(I9))} -> 1410 | J11: {=INDEX(DAM!$103:$103,ROW(J9))+INDEX(RTM!$103:$103,ROW(J9))} -> 8930 | K11: {=INDEX(DAM!$104:$104,ROW(K9))} -> 0 | L11: =SUM(H11:K11) -> 17860 | M11: =+G11-L11 -> 14140 | N11: 7109.1 | P11: 28432.35 | R11: =SUM(N11:Q11) -> 35541.45 | S11: =G11-L11-R11 -> -21401.45 | T11: =R11-M11 -> 21401.45
B12: 46182 | C12: =+TNEB!$I21 -> 7400 | D12: =+TNEB!$L21 -> 9400 | E12: =+TNEB!$R21 -> 18900 | F12: =+TNEB!$U21 -> 17100 | G12: =SUM(C12:F12) -> 52800 | H12: {=INDEX(DAM!$100:$100,ROW(H10))+INDEX(RTM!$100:$100,ROW(H10))} -> 3525 | I12: {=INDEX(DAM!$101:$101,ROW(I10))+INDEX(RTM!$101:$101,ROW(I10))} -> 705 | J12: {=INDEX(DAM!$103:$103,ROW(J10))+INDEX(RTM!$103:$103,ROW(J10))} -> 4230 | K12: {=INDEX(DAM!$104:$104,ROW(K10))} -> 0 | L12: =SUM(H12:K12) -> 8460 | M12: =+G12-L12 -> 44340 | N12: 7109.1 | P12: 28432.35 | R12: =SUM(N12:Q12) -> 35541.45 | S12: =G12-L12-R12 -> 8798.55 | T12: =R12-M12 -> -8798.55
B13: 46183 | C13: =+TNEB!$I22 -> 9600 | D13: =+TNEB!$L22 -> 10100 | E13: =+TNEB!$R22 -> 21700 | F13: =+TNEB!$U22 -> 13200 | G13: =SUM(C13:F13) -> 54600 | H13: {=INDEX(DAM!$100:$100,ROW(H11))+INDEX(RTM!$100:$100,ROW(H11))} -> 7520 | I13: {=INDEX(DAM!$101:$101,ROW(I11))+INDEX(RTM!$101:$101,ROW(I11))} -> 1410 | J13: {=INDEX(DAM!$103:$103,ROW(J11))+INDEX(RTM!$103:$103,ROW(J11))} -> 7990 | K13: {=INDEX(DAM!$104:$104,ROW(K11))} -> 0 | L13: =SUM(H13:K13) -> 16920 | M13: =+G13-L13 -> 37680 | N13: 7109.1 | P13: 28432.35 | R13: =SUM(N13:Q13) -> 35541.45 | S13: =G13-L13-R13 -> 2138.55 | T13: =R13-M13 -> -2138.55
B14: 46184 | C14: =+TNEB!$I23 -> 8900 | D14: =+TNEB!$L23 -> 8900 | E14: =+TNEB!$R23 -> 19400 | F14: =+TNEB!$U23 -> 16300 | G14: =SUM(C14:F14) -> 53500 | H14: {=INDEX(DAM!$100:$100,ROW(H12))+INDEX(RTM!$100:$100,ROW(H12))} -> 7520 | I14: {=INDEX(DAM!$101:$101,ROW(I12))+INDEX(RTM!$101:$101,ROW(I12))} -> 2350 | J14: {=INDEX(DAM!$103:$103,ROW(J12))+INDEX(RTM!$103:$103,ROW(J12))} -> 8460 | K14: {=INDEX(DAM!$104:$104,ROW(K12))} -> 0 | L14: =SUM(H14:K14) -> 18330 | M14: =+G14-L14 -> 35170 | N14: 7109.1 | P14: 28432.35 | R14: =SUM(N14:Q14) -> 35541.45 | S14: =G14-L14-R14 -> -371.45 | T14: =R14-M14 -> 371.45
B15: 46185 | C15: =+TNEB!$I24 -> 9500 | D15: =+TNEB!$L24 -> 10000 | E15: =+TNEB!$R24 -> 21200 | F15: =+TNEB!$U24 -> 16200 | G15: =SUM(C15:F15) -> 56900 | H15: {=INDEX(DAM!$100:$100,ROW(H13))+INDEX(RTM!$100:$100,ROW(H13))} -> 7520 | I15: {=INDEX(DAM!$101:$101,ROW(I13))+INDEX(RTM!$101:$101,ROW(I13))} -> 2820 | J15: {=INDEX(DAM!$103:$103,ROW(J13))+INDEX(RTM!$103:$103,ROW(J13))} -> 9400 | K15: {=INDEX(DAM!$104:$104,ROW(K13))} -> 0 | L15: =SUM(H15:K15) -> 19740 | M15: =+G15-L15 -> 37160 | N15: 7109.1 | P15: 28432.35 | R15: =SUM(N15:Q15) -> 35541.45 | S15: =G15-L15-R15 -> 1618.55 | T15: =R15-M15 -> -1618.55
... B26: 46196 | C26: =+TNEB!$I35 -> 9200 | D26: =+TNEB!$L35 -> 9400 | E26: =+TNEB!$R35 -> 21600 | F26: =+TNEB!$U35 -> 15900 | G26: =SUM(C26:F26) -> 56100 | H26: {=INDEX(DAM!$100:$100,ROW(H24))+INDEX(RTM!$100:$100,ROW(H24))} -> 6815 | I26: {=INDEX(DAM!$101:$101,ROW(I24))+INDEX(RTM!$101:$101,ROW(I24))} -> 2115 | J26: {=INDEX(DAM!$103:$103,ROW(J24))+INDEX(RTM!$103:$103,ROW(J24))} -> 13630 | K26: {=INDEX(DAM!$104:$104,ROW(K24))} -> 0 | L26: =SUM(H26:K26) -> 22560 | M26: =+G26-L26 -> 33540 | N26: 7109.1 | P26: 28432.35 | R26: =SUM(N26:Q26) -> 35541.45 | S26: =G26-L26-R26 -> -2001.45 | T26: =R26-M26 -> 2001.45
B27: 46197 | C27: =+TNEB!$I36 -> 0 | D27: =+TNEB!$L36 -> 0 | E27: =+TNEB!$R36 -> 0 | F27: =+TNEB!$U36 -> 0 | G27: =SUM(C27:F27) -> 0 | H27: {=INDEX(DAM!$100:$100,ROW(H25))+INDEX(RTM!$100:$100,ROW(H25))} -> 0 | I27: {=INDEX(DAM!$101:$101,ROW(I25))+INDEX(RTM!$101:$101,ROW(I25))} -> 0 | J27: {=INDEX(DAM!$103:$103,ROW(J25))+INDEX(RTM!$103:$103,ROW(J25))} -> 0 | K27: {=INDEX(DAM!$104:$104,ROW(K25))} -> 0 | L27: =SUM(H27:K27) -> 0 | M27: =+G27-L27 -> 0 | R27: =SUM(N27:Q27) -> 0 | S27: =G27-L27-R27 -> 0 | T27: =R27-M27 -> 0
B28: 46198 | C28: =+TNEB!$I37 -> 0 | D28: =+TNEB!$L37 -> 0 | E28: =+TNEB!$R37 -> 0 | F28: =+TNEB!$U37 -> 0 | G28: =SUM(C28:F28) -> 0 | H28: {=INDEX(DAM!$100:$100,ROW(H26))+INDEX(RTM!$100:$100,ROW(H26))} -> 0 | I28: {=INDEX(DAM!$101:$101,ROW(I26))+INDEX(RTM!$101:$101,ROW(I26))} -> 0 | J28: {=INDEX(DAM!$103:$103,ROW(J26))+INDEX(RTM!$103:$103,ROW(J26))} -> 0 | K28: {=INDEX(DAM!$104:$104,ROW(K26))} -> 0 | L28: =SUM(H28:K28) -> 0 | M28: =+G28-L28 -> 0 | R28: =SUM(N28:Q28) -> 0 | S28: =G28-L28-R28 -> 0 | T28: =R28-M28 -> 0
B29: 46199 | C29: =+TNEB!$I38 -> 0 | D29: =+TNEB!$L38 -> 0 | E29: =+TNEB!$R38 -> 0 | F29: =+TNEB!$U38 -> 0 | G29: =SUM(C29:F29) -> 0 | H29: {=INDEX(DAM!$100:$100,ROW(H27))+INDEX(RTM!$100:$100,ROW(H27))} -> 0 | I29: {=INDEX(DAM!$101:$101,ROW(I27))+INDEX(RTM!$101:$101,ROW(I27))} -> 0 | J29: {=INDEX(DAM!$103:$103,ROW(J27))+INDEX(RTM!$103:$103,ROW(J27))} -> 0 | K29: {=INDEX(DAM!$104:$104,ROW(K27))} -> 0 | L29: =SUM(H29:K29) -> 0 | M29: =+G29-L29 -> 0 | R29: =SUM(N29:Q29) -> 0 | S29: =G29-L29-R29 -> 0 | T29: =R29-M29 -> 0
B30: 46200 | C30: =+TNEB!$I39 -> 0 | D30: =+TNEB!$L39 -> 0 | E30: =+TNEB!$R39 -> 0 | F30: =+TNEB!$U39 -> 0 | G30: =SUM(C30:F30) -> 0 | H30: {=INDEX(DAM!$100:$100,ROW(H28))+INDEX(RTM!$100:$100,ROW(H28))} -> 0 | I30: {=INDEX(DAM!$101:$101,ROW(I28))+INDEX(RTM!$101:$101,ROW(I28))} -> 0 | J30: {=INDEX(DAM!$103:$103,ROW(J28))+INDEX(RTM!$103:$103,ROW(J28))} -> 0 | K30: {=INDEX(DAM!$104:$104,ROW(K28))} -> 0 | L30: =SUM(H30:K30) -> 0 | M30: =+G30-L30 -> 0 | R30: =SUM(N30:Q30) -> 0 | S30: =G30-L30-R30 -> 0 | T30: =R30-M30 -> 0
B31: 46201 | C31: =+TNEB!$I40 -> 0 | D31: =+TNEB!$L40 -> 0 | E31: =+TNEB!$R40 -> 0 | F31: =+TNEB!$U40 -> 0 | G31: =SUM(C31:F31) -> 0 | H31: {=INDEX(DAM!$100:$100,ROW(H29))+INDEX(RTM!$100:$100,ROW(H29))} -> 0 | I31: {=INDEX(DAM!$101:$101,ROW(I29))+INDEX(RTM!$101:$101,ROW(I29))} -> 0 | J31: {=INDEX(DAM!$103:$103,ROW(J29))+INDEX(RTM!$103:$103,ROW(J29))} -> 0 | K31: {=INDEX(DAM!$104:$104,ROW(K29))} -> 0 | L31: =SUM(H31:K31) -> 0 | M31: =+G31-L31 -> 0 | R31: =SUM(N31:Q31) -> 0 | S31: =G31-L31-R31 -> 0 | T31: =R31-M31 -> 0
B32: 46202 | C32: =+TNEB!$I41 -> 0 | D32: =+TNEB!$L41 -> 0 | E32: =+TNEB!$R41 -> 0 | F32: =+TNEB!$U41 -> 0 | G32: =SUM(C32:F32) -> 0 | H32: {=INDEX(DAM!$100:$100,ROW(H30))+INDEX(RTM!$100:$100,ROW(H30))} -> 0 | I32: {=INDEX(DAM!$101:$101,ROW(I30))+INDEX(RTM!$101:$101,ROW(I30))} -> 0 | J32: {=INDEX(DAM!$103:$103,ROW(J30))+INDEX(RTM!$103:$103,ROW(J30))} -> 0 | K32: {=INDEX(DAM!$104:$104,ROW(K30))} -> 0 | L32: =SUM(H32:K32) -> 0 | M32: =+G32-L32 -> 0 | R32: =SUM(N32:Q32) -> 0 | S32: =G32-L32-R32 -> 0 | T32: =R32-M32 -> 0
B33: 46203 | C33: =+TNEB!$I42 -> 0 | D33: =+TNEB!$L42 -> 0 | E33: =+TNEB!$R42 -> 0 | F33: =+TNEB!$U42 -> 0 | G33: =SUM(C33:F33) -> 0 | H33: {=INDEX(DAM!$100:$100,ROW(H31))+INDEX(RTM!$100:$100,ROW(H31))} -> 0 | I33: {=INDEX(DAM!$101:$101,ROW(I31))+INDEX(RTM!$101:$101,ROW(I31))} -> 0 | J33: {=INDEX(DAM!$103:$103,ROW(J31))+INDEX(RTM!$103:$103,ROW(J31))} -> 0 | K33: {=INDEX(DAM!$104:$104,ROW(K31))} -> 0 | L33: =SUM(H33:K33) -> 0 | M33: =+G33-L33 -> 0 | R33: =SUM(N33:Q33) -> 0 | S33: =G33-L33-R33 -> 0 | T33: =R33-M33 -> 0
B34: 46204 | C34: =+TNEB!$I43 -> 0 | D34: =+TNEB!$L43 -> 0 | E34: =+TNEB!$R43 -> 0 | F34: =+TNEB!$U43 -> 0 | G34: =SUM(C34:F34) -> 0 | H34: {=INDEX(DAM!$100:$100,ROW(H32))+INDEX(RTM!$100:$100,ROW(H32))} -> 0 | I34: {=INDEX(DAM!$101:$101,ROW(I32))+INDEX(RTM!$101:$101,ROW(I32))} -> 0 | J34: {=INDEX(DAM!$103:$103,ROW(J32))+INDEX(RTM!$103:$103,ROW(J32))} -> 0 | K34: {=INDEX(DAM!$104:$104,ROW(K32))} -> 0 | L34: =SUM(H34:K34) -> 0 | M34: =+G34-L34 -> 0 | R34: =SUM(N34:Q34) -> 0 | S34: =G34-L34-R34 -> 0 | T34: =R34-M34 -> 0
G35: =SUM(G4:G34) -> 1251300 | L35: =SUM(L4:L34) -> 441005 | M35: =SUM(M4:M34) -> 810295 | N35: =SUM(N4:N34) -> 163509.3 | P35: =SUM(P4:P34) -> 653944.05 | R35: =SUM(R4:R34) -> 817453.35 | S35: {=SUMPRODUCT((VALUE(S4:S34)>0)*VALUE(S4:S34))} -> 49311.15 | T35: {=SUMPRODUCT((VALUE(T4:T34)>0)*VALUE(T4:T34))} -> 56469.5
Q39: Solar + IEX Units
Q42: TNEB - Solar&IEX
R44: =R40-R42 -> 0
S51: =R35*6.65 -> 5436064.8
N52: =N35*9.375 -> 1532899.7 | P52: =P35*7.5 -> 4904580.4
P55: =N52+P52 -> 6437480.1
P57: =P55-S51 -> 1001415.3

Sheet DAM
A1: Portfolio
A2: Time Period | B2: 1 | C2: 2 | D2: 3 | E2: 4 | F2: 5 | G2: 6 | H2: 7 | I2: 8 | J2: 9 | K2: 10 | L2: 11 | M2: 12 | N2: 13 | O2: 14 | P2: 15 | Q2: 16 | R2: 17 | S2: 18 | T2: 19 | U2: 20 | V2: 21 | W2: 22 | X2: 23 | Y2: 24 | Z2: 25 | AA2: 26 | AB2: 27 | AC2: 28 | AD2: 29 | AE2: 30 | AF2: 31
A3: 00:00 - 00:15 | B3: 0 | C3: 0 | D3: 0 | E3: 0 | F3: 0 | G3: 0 | H3: 0 | I3: 0 | J3: 0 | K3: 0 | L3: 0 | M3: 0 | N3: 0 | O3: 0 | P3: 0 | Q3: 0 | R3: 0 | S3: 0 | T3: 0 | U3: 0 | V3: 0 | W3: 0 | X3: 0
A4: 00:15 - 00:30 | B4: 0 | C4: 0 | D4: 0 | E4: 0 | F4: 0 | G4: 0 | H4: 0 | I4: 0 | J4: 0 | K4: 0 | L4: 0 | M4: 0 | N4: 0 | O4: 0 | P4: 0 | Q4: 0 | R4: 0 | S4: 0 | T4: 0 | U4: 0 | V4: 0 | W4: 0 | X4: 0
A5: 00:30 - 00:45 | B5: 0 | C5: 0 | D5: 0 | E5: 0 | F5: 0 | G5: 0 | H5: 0 | I5: 0 | J5: 0 | K5: 0 | L5: 0 | M5: 0 | N5: 0 | O5: 0 | P5: 0 | Q5: 0 | R5: 0 | S5: 0 | T5: 0 | U5: 0 | V5: 0 | W5: 0 | X5: 0
A6: 00:45 - 01:00 | B6: 0 | C6: 0 | D6: 0 | E6: 0 | F6: 0 | G6: 0 | H6: 0 | I6: 0 | J6: 0 | K6: 0 | L6: 0 | M6: 0 | N6: 0 | O6: 0 | P6: 0 | Q6: 0 | R6: 0 | S6: 0 | T6: 0 | U6: 0 | V6: 0 | W6: 0 | X6: 0
A7: 01:00 - 01:15 | B7: 0 | C7: 0 | D7: 0 | E7: 0 | F7: 0 | G7: 0 | H7: 0 | I7: 0 | J7: 0 | K7: 0 | L7: 0 | M7: 0 | N7: 0 | O7: 0 | P7: 0 | Q7: 0 | R7: 0 | S7: 0 | T7: 0 | U7: 0 | V7: 0 | W7: 0 | X7: 0
A8: 01:15 - 01:30 | B8: 0 | C8: 0 | D8: 0 | E8: 0 | F8: 0 | G8: 0 | H8: 0 | I8: 0 | J8: 0 | K8: 0 | L8: 0 | M8: 0 | N8: 0 | O8: 0 | P8: 0 | Q8: 0 | R8: 0 | S8: 0 | T8: 0 | U8: 0 | V8: 0 | W8: 0 | X8: 0
A9: 01:30 - 01:45 | B9: 0 | C9: 0 | D9: 0 | E9: 0 | F9: 0 | G9: 0 | H9: 0 | I9: 0 | J9: 0 | K9: 0 | L9: 0 | M9: 0 | N9: 0 | O9: 0 | P9: 0 | Q9: 0 | R9: 0 | S9: 0 | T9: 0 | U9: 0 | V9: 0 | W9: 0 | X9: 0
A10: 01:45 - 02:00 | B10: 0 | C10: 0 | D10: 0 | E10: 0 | F10: 0 | G10: 0 | H10: 0 | I10: 0 | J10: 0 | K10: 0 | L10: 0 | M10: 0 | N10: 0 | O10: 0 | P10: 0 | Q10: 0 | R10: 0 | S10: 0 | T10: 0 | U10: 0 | V10: 0 | W10: 0 | X10: 0
A11: 02:00 - 02:15 | B11: 0 | C11: 0 | D11: 0 | E11: 0 | F11: 0 | G11: 0 | H11: 0 | I11: 0 | J11: 0 | K11: 0 | L11: 0 | M11: 0 | N11: 0 | O11: 0 | P11: 0 | Q11: 0 | R11: 0 | S11: 0 | T11: 0 | U11: 0 | V11: 0 | W11: 0 | X11: 0
A12: 02:15 - 02:30 | B12: 0 | C12: 0 | D12: 0 | E12: 0 | F12: 0 | G12: 0 | H12: 0 | I12: 0 | J12: 0 | K12: 0 | L12: 0 | M12: 0 | N12: 0 | O12: 0 | P12: 0 | Q12: 0 | R12: 0 | S12: 0 | T12: 0 | U12: 0 | V12: 0 | W12: 0 | X12: 0
A13: 02:30 - 02:45 | B13: 0 | C13: 0 | D13: 0 | E13: 0 | F13: 0 | G13: 0 | H13: 0 | I13: 0 | J13: 0 | K13: 0 | L13: 0 | M13: 0 | N13: 0 | O13: 0 | P13: 0 | Q13: 0 | R13: 0 | S13: 0 | T13: 0 | U13: 0 | V13: 0 | W13: 0 | X13: 0
A14: 02:45 - 03:00 | B14: 0 | C14: 0 | D14: 0 | E14: 0 | F14: 0 | G14: 0 | H14: 0 | I14: 0 | J14: 0 | K14: 0 | L14: 0 | M14: 0 | N14: 0 | O14: 0 | P14: 0 | Q14: 0 | R14: 0 | S14: 0 | T14: 0 | U14: 0 | V14: 0 | W14: 0 | X14: 0
... A98: 23:45 - 24:00 | B98: 0 | C98: 0 | D98: 0 | E98: 0 | F98: 0 | G98: 0 | H98: 0 | I98: 0 | J98: 0 | K98: 0 | L98: 0 | M98: 0 | N98: 0 | O98: 0 | P98: 0 | Q98: 0 | R98: 0 | S98: 0 | T98: 0 | U98: 0 | V98: 0 | W98: 0 | X98: 0
A99: 1 | B99: 2 | C99: 3 | D99: 4 | E99: 5 | F99: 6 | G99: 7 | H99: 8 | I99: 9 | J99: 10 | K99: 11 | L99: 12 | M99: 13 | N99: 14 | O99: 15 | P99: 16 | Q99: 17 | R99: 18 | S99: 19 | T99: 20 | U99: 21 | V99: 22 | W99: 23 | X99: 24 | Y99: 25 | Z99: 26 | AA99: 27 | AB99: 28 | AC99: 29 | AD99: 30 | AE99: 31 | AF99: 32
A100: C1 | B100: =(SUM(B27:B42)*1000)/4 -> 7520 | C100: =(SUM(C27:C42)*1000)/4 -> 7520 | D100: =(SUM(D27:D42)*1000)/4 -> 7520 | E100: =(SUM(E27:E42)*1000)/4 -> 7520 | F100: =(SUM(F27:F42)*1000)/4 -> 7050 | G100: =(SUM(G27:G42)*1000)/4 -> 7520 | H100: =(SUM(H27:H42)*1000)/4 -> 7520 | I100: =(SUM(I27:I42)*1000)/4 -> 7520 | ... AF100: =(SUM(AF27:AF42)*1000)/4 -> 0 | AG100: =SUM(B100:AF100) -> 150165
A101: C2 | B101: =(SUM(B75:B90)*1000)/4 -> 940 | C101: =(SUM(C75:C90)*1000)/4 -> 1410 | D101: =(SUM(D75:D90)*1000)/4 -> 1410 | E101: =(SUM(E75:E90)*1000)/4 -> 940 | F101: =(SUM(F75:F90)*1000)/4 -> 940 | G101: =(SUM(G75:G90)*1000)/4 -> 1880 | H101: =(SUM(H75:H90)*1000)/4 -> 3760 | I101: =(SUM(I75:I90)*1000)/4 -> 1410 | ... AF101: =(SUM(AF75:AF90)*1000)/4 -> 0 | AG101: =SUM(B101:AF101) -> 47940
A102: C3 | B102: 0 | C102: 0 | D102: 0 | E102: 0 | F102: 0 | G102: 0 | H102: 0 | I102: 0 | J102: 0 | K102: 0 | L102: 0 | M102: 0 | N102: 0 | O102: 0 | P102: 0 | Q102: 0 | R102: 0 | S102: 0 | T102: 0 | U102: 0 | V102: 0 | W102: 0 | X102: 0 | Y102: 0 | Z102: 0 | AA102: 0 | AB102: 0 | AC102: 0 | AD102: 0 | AE102: 0 | AF102: 0 | AG102: =SUM(J102:AF102) -> 0
A103: C4 | B103: =((SUM(B23:B26)+SUM(B43:B74))*1000)/4 -> 9870 | C103: =((SUM(C23:C26)+SUM(C43:C74))*1000)/4 -> 9400 | D103: =((SUM(D23:D26)+SUM(D43:D74))*1000)/4 -> 8930 | E103: =((SUM(E23:E26)+SUM(E43:E74))*1000)/4 -> 9400 | F103: =((SUM(F23:F26)+SUM(F43:F74))*1000)/4 -> 8930 | G103: =((SUM(G23:G26)+SUM(G43:G74))*1000)/4 -> 9400 | H103: =((SUM(H23:H26)+SUM(H43:H74))*1000)/4 -> 11750 | I103: =((SUM(I23:I26)+SUM(I43:I74))*1000)/4 -> 8930 | ... AF103: =((SUM(AF23:AF26)+SUM(AF43:AF74))*1000)/4 -> 0 | AG103: =SUM(B103:AF103) -> 203185
A104: C51 | B104: =(SUM(B91:B98)*1000)/4 -> 0 | C104: =(SUM(C91:C98)*1000)/4 -> 0 | D104: =(SUM(D91:D98)*1000)/4 -> 0 | E104: =(SUM(E91:E98)*1000)/4 -> 0 | F104: =(SUM(F91:F98)*1000)/4 -> 0 | G104: =(SUM(G91:G98)*1000)/4 -> 0 | H104: =(SUM(H91:H98)*1000)/4 -> 0 | I104: =(SUM(I91:I98)*1000)/4 -> 0 | ... AF104: =(SUM(AF91:AF98)*1000)/4 -> 0 | AG104: =SUM(B104:AF104) -> 0
A105: C52 | B105: =SUM(B3:B22)*1000/4 -> 0 | C105: =SUM(C3:C22)*1000/4 -> 0 | D105: =SUM(D3:D22)*1000/4 -> 0 | E105: =SUM(E3:E22)*1000/4 -> 0 | F105: =SUM(F3:F22)*1000/4 -> 0 | G105: =SUM(G3:G22)*1000/4 -> 0 | H105: =SUM(H3:H22)*1000/4 -> 0 | I105: =SUM(I3:I22)*1000/4 -> 0 | ... AF105: =SUM(AF3:AF22)*1000/4 -> 0 | AG105: =SUM(B105:AF105) -> 0
A106: C | B106: =SUM(B100:B105) -> 18330 | C106: =SUM(C100:C105) -> 18330 | D106: =SUM(D100:D105) -> 17860 | E106: =SUM(E100:E105) -> 17860 | F106: =SUM(F100:F105) -> 16920 | G106: =SUM(G100:G105) -> 18800 | H106: =SUM(H100:H105) -> 23030 | I106: =SUM(I100:I105) -> 17860 | ... AF106: =SUM(AF100:AF105) -> 0 | AG106: =SUM(B106:AF106) -> 401290

Sheet RTM
A1: Portfolio
A2: Time Period | B2: 1 | C2: 2 | D2: 3 | E2: 4 | F2: 5 | G2: 6 | H2: 7 | I2: 8 | J2: 9 | K2: 10 | L2: 11 | M2: 12 | N2: 13 | O2: 14 | P2: 15 | Q2: 16 | R2: 17 | S2: 18 | T2: 19 | U2: 20 | V2: 21 | W2: 22 | X2: 23 | Y2: 24 | Z2: 25 | AA2: 26 | AB2: 27 | AC2: 28 | AD2: 29 | AE2: 30 | AF2: 31
A3: 00:00 - 00:15 | V3: 0 | W3: 0 | X3: 0
A4: 00:15 - 00:30 | V4: 0 | W4: 0 | X4: 0
A5: 00:30 - 00:45 | V5: 0 | W5: 0 | X5: 0
A6: 00:45 - 01:00 | V6: 0 | W6: 0 | X6: 0
A7: 01:00 - 01:15 | V7: 0 | W7: 0 | X7: 0
A8: 01:15 - 01:30 | V8: 0 | W8: 0 | X8: 0
A9: 01:30 - 01:45 | V9: 0 | W9: 0 | X9: 0
A10: 01:45 - 02:00 | V10: 0 | W10: 0 | X10: 0
A11: 02:00 - 02:15 | V11: 0 | W11: 0 | X11: 0
A12: 02:15 - 02:30 | V12: 0 | W12: 0 | X12: 0
A13: 02:30 - 02:45 | V13: 0 | W13: 0 | X13: 0
A14: 02:45 - 03:00 | V14: 0 | W14: 0 | X14: 0
... A98: 23:45 - 24:00 | V98: 0 | W98: 0 | X98: 0
A99: 1 | B99: 2 | C99: 3 | D99: 4 | E99: 5 | F99: 6 | G99: 7 | H99: 8 | I99: 9 | J99: 10 | K99: 11 | L99: 12 | M99: 13 | N99: 14 | O99: 15 | P99: 16 | Q99: 17 | R99: 18 | S99: 19 | T99: 20 | U99: 21 | V99: 22 | W99: 23 | X99: 24 | Y99: 25 | Z99: 26 | AA99: 27 | AB99: 28 | AC99: 29 | AD99: 30 | AE99: 2.7625 | AF99: 32
A100: C1 | B100: 0 | C100: =(SUM(C27:C42)*1000)/4 -> 0 | D100: =(SUM(D27:D42)*1000)/4 -> 0 | E100: =(SUM(E27:E42)*1000)/4 -> 0 | F100: =(SUM(F27:F42)*1000)/4 -> 0 | G100: =(SUM(G27:G42)*1000)/4 -> 0 | H100: =(SUM(H27:H42)*1000)/4 -> 0 | I100: =(SUM(I27:I42)*1000)/4 -> 0 | J100: =(SUM(J27:J42)*1000)/4 -> 0 | ... AF100: =(SUM(AF27:AF42)*1000)/4 -> 0
A101: C2 | B101: =(SUM(B75:B90)*1000)/4 -> 0 | C101: =(SUM(C75:C90)*1000)/4 -> 0 | D101: =(SUM(D75:D90)*1000)/4 -> 0 | E101: =(SUM(E75:E90)*1000)/4 -> 0 | F101: =(SUM(F75:F90)*1000)/4 -> 0 | G101: =(SUM(G75:G90)*1000)/4 -> 0 | H101: =(SUM(H75:H90)*1000)/4 -> 0 | I101: =(SUM(I75:I90)*1000)/4 -> 0 | ... AF101: =(SUM(AF75:AF90)*1000)/4 -> 0
A102: C3 | B102: =0 -> 0 | C102: =0 -> 0 | D102: =0 -> 0 | E102: =0 -> 0 | F102: =0 -> 0 | G102: =0 -> 0 | H102: =0 -> 0 | I102: =0 -> 0 | ... AF102: =0 -> 0
A103: C4 | B103: =((SUM(B23:B26)+SUM(B43:B74))*1000)/4 -> 0 | C103: =((SUM(C23:C26)+SUM(C43:C74))*1000)/4 -> 0 | D103: =((SUM(D23:D26)+SUM(D43:D74))*1000)/4 -> 0 | E103: =((SUM(E23:E26)+SUM(E43:E74))*1000)/4 -> 0 | F103: =((SUM(F23:F26)+SUM(F43:F74))*1000)/4 -> 0 | G103: =((SUM(G23:G26)+SUM(G43:G74))*1000)/4 -> 0 | H103: =((SUM(H23:H26)+SUM(H43:H74))*1000)/4 -> 0 | I103: =((SUM(I23:I26)+SUM(I43:I74))*1000)/4 -> 0 | ... AF103: =((SUM(AF23:AF26)+SUM(AF43:AF74))*1000)/4 -> 0
A104: C51 | B104: =(SUM(B91:B98)*1000)/4 -> 0 | C104: =(SUM(C91:C98)*1000)/4 -> 0 | D104: =(SUM(D91:D98)*1000)/4 -> 0 | E104: =(SUM(E91:E98)*1000)/4 -> 0 | F104: =(SUM(F91:F98)*1000)/4 -> 0 | G104: =(SUM(G91:G98)*1000)/4 -> 0 | H104: =(SUM(H91:H98)*1000)/4 -> 0 | I104: =(SUM(I91:I98)*1000)/4 -> 0 | ... AF104: =(SUM(AF91:AF98)*1000)/4 -> 0
A105: C52 | B105: =SUM(B3:B22)*1000/4 -> 0 | C105: =SUM(C3:C22)*1000/4 -> 0 | D105: =SUM(D3:D22)*1000/4 -> 0 | E105: =SUM(E3:E22)*1000/4 -> 0 | F105: =SUM(F3:F22)*1000/4 -> 0 | G105: =SUM(G3:G22)*1000/4 -> 0 | H105: =SUM(H3:H22)*1000/4 -> 0 | I105: =SUM(I3:I22)*1000/4 -> 0 | ... AF105: =SUM(AF3:AF22)*1000/4 -> 0
A106: C | B106: =SUM(B100:B105) -> 0 | C106: =SUM(C100:C105) -> 0 | D106: =SUM(D100:D105) -> 0 | E106: =SUM(E100:E105) -> 0 | F106: =SUM(F100:F105) -> 0 | G106: =SUM(G100:G105) -> 0 | H106: =SUM(H100:H105) -> 0 | I106: =SUM(I100:I105) -> 0 | ... AF106: =SUM(AF100:AF105) -> 0

Sheet TNEB
A1: Chemplast Sanmar Limited , Cuddalore
A2: Cuddalore - 5
A4: TNEB - Daily Unit Consumption Log
C6: Total Hrs | D6: =(($A8-$A12)*24)+5 -> 557 | I6: Total Hrs | J6: =(($A8-$A12)*3) -> 69 | L6: Total Hrs | M6: =(($A8-$A12)*3) -> 69 | O6: Total Hrs | P6: =(($A8-$A12)*1) -> 23 | Q6: 0.25 | R6: Total Hrs | S6: =(($A8-$A12)*10) -> 230 | U6: Total Hrs | V6: =(($A8-$A12)*7)+5 -> 166
B7: Todate | C7: Avg MW | D7: =(SUM(C12:C40)/D6)/1000 -> 2.2698384 | H7: 0.25 | I7: Avg MW | J7: =(SUM(I12:I40)/J6)/1000 -> 3.0608696 | K7: 0.75 | L7: Avg MW | M7: =(SUM(L12:L40)/M6)/1000 -> 3.0550725 | N7: 0.875 | O7: Avg MW | P7: =(SUM(O12:O40)/P6)/1000 -> 0 | Q7: 0.375 | R7: Avg MW | S7: =(SUM(R12:R40)/S6)/1000 -> 2.0352174 | T7: 0.91666667 | U7: Avg MW | V7: =(SUM(U12:U40)/V6)/1000 -> 2.2554217
A8: =TODAY()-1 -> 46196 | B8: Today | C8: Avg MW | D8: =(VLOOKUP(A8,A12:V40,3))/24/1000 -> 2.3333333 | H8: 0.375 | I8: Avg MW | J8: =((VLOOKUP(A8,A12:V40,9))/3/1000) -> 3.0666667 | K8: 0.875 | L8: Avg MW | M8: =(VLOOKUP(A8,A12:V40,12)/3)/1000 -> 3.1333333 | N8: 0.91666667 | O8: Avg MW | P8: =(VLOOKUP(A8,A12:V40,15)/1)/1000 -> 0 | Q8: 0.75 | R8: Avg MW | S8: =(VLOOKUP(A8,A12:V40,18)/10)/1000 -> 2.16 | T8: 0.20833333 | U8: Avg MW | V8: =(VLOOKUP(A8,A12:V40,21)/7)/1000 -> 2.2714286
A9: Date | B9: Kwh | C9: Today | D9: Todate | E9: Kvah | F9: Today | G9: Todate | H9: C1 | I9: Today | J9: Todate | K9: C2 | L9: Today | M9: Todate | N9: C3 | O9: Today | P9: Todate | Q9: C4 | R9: Today | S9: Todate | T9: C5 | U9: Today | V9: Todate
B11: 3987.97 | E11: 4118.09 | H11: 653.34 | K11: 676.71 | N11: 0 | Q11: 1488.52 | T11: 1169.38
A12: 46173 | B12: 3989.29 | C12: =(B12-B11)*10000 -> 13200 | D12: =(D11+C12) -> 13200 | E12: 4119.47 | F12: =(E12-E11)*10000 -> 13800 | G12: =(G11+F12) -> 13800 | H12: 653.34 | I12: =(H12-H11)*10000 -> 0 | J12: =(J11+I12) -> 0 | K12: 676.71 | L12: =(K12-K11)*10000 -> 0 | M12: =(M11+L12) -> 0 | N12: 0 | O12: =(N12-N11)*10000 -> 0 | P12: =(P11+O12) -> 0 | Q12: 1488.64 | R12: =(Q12-Q11)*10000 -> 1200 | S12: =(S11+R12) -> 1200 | T12: 1170.58 | U12: =(T12-T11)*10000 -> 12000 | V12: =(V11+U12) -> 12000
A13: 46174 | B13: 3995.19 | C13: =(B13-B12)*10000 -> 59000 | D13: =(D12+C13) -> 72200 | E13: 4125.58 | F13: =(E13-E12)*10000 -> 61100 | G13: =(G12+F13) -> 74900 | H13: 654.3 | I13: =(H13-H12)*10000 -> 9600 | J13: =(J12+I13) -> 9600 | K13: 677.71 | L13: =(K13-K12)*10000 -> 10000 | M13: =(M12+L13) -> 10000 | N13: 0 | O13: =(N13-N12)*10000 -> 0 | P13: =(P12+O13) -> 0 | Q13: 1490.87 | R13: =(Q13-Q12)*10000 -> 22300 | S13: =(S12+R13) -> 23500 | T13: 1172.3 | U13: =(T13-T12)*10000 -> 17200 | V13: =(V12+U13) -> 29200
A14: 46175 | B14: 4001.1 | C14: =(B14-B13)*10000 -> 59100 | D14: =(D13+C14) -> 131300 | E14: 4131.65 | F14: =(E14-E13)*10000 -> 60700 | G14: =(G13+F14) -> 135600 | H14: 655.27 | I14: =(H14-H13)*10000 -> 9700 | J14: =(J13+I14) -> 19300 | K14: 678.67 | L14: =(K14-K13)*10000 -> 9600 | M14: =(M13+L14) -> 19600 | N14: 0 | O14: =(N14-N13)*10000 -> 0 | P14: =(P13+O14) -> 0 | Q14: 1493.19 | R14: =(Q14-Q13)*10000 -> 23200 | S14: =(S13+R14) -> 46700 | T14: 1173.95 | U14: =(T14-T13)*10000 -> 16500 | V14: =(V13+U14) -> 45700
A15: 46176 | B15: 4006.73 | C15: =(B15-B14)*10000 -> 56300 | D15: =(D14+C15) -> 187600 | E15: 4137.49 | F15: =(E15-E14)*10000 -> 58400 | G15: =(G14+F15) -> 194000 | H15: 656.22 | I15: =(H15-H14)*10000 -> 9500 | J15: =(J14+I15) -> 28800 | K15: 679.6 | L15: =(K15-K14)*10000 -> 9300 | M15: =(M14+L15) -> 28900 | N15: 0 | O15: =(N15-N14)*10000 -> 0 | P15: =(P14+O15) -> 0 | Q15: 1495.24 | R15: =(Q15-Q14)*10000 -> 20500 | S15: =(S14+R15) -> 67200 | T15: 1175.65 | U15: =(T15-T14)*10000 -> 17000 | V15: =(V14+U15) -> 62700
A16: 46177 | B16: 4011.98 | C16: =(B16-B15)*10000 -> 52500 | D16: =(D15+C16) -> 240100 | E16: 4142.87 | F16: =(E16-E15)*10000 -> 53800 | G16: =(G15+F16) -> 247800 | H16: 657.16 | I16: =(H16-H15)*10000 -> 9400 | J16: =(J15+I16) -> 38200 | K16: 680.48 | L16: =(K16-K15)*10000 -> 8800 | M16: =(M15+L16) -> 37700 | N16: 0 | O16: =(N16-N15)*10000 -> 0 | P16: =(P15+O16) -> 0 | Q16: 1497.18 | R16: =(Q16-Q15)*10000 -> 19400 | S16: =(S15+R16) -> 86600 | T16: 1177.14 | U16: =(T16-T15)*10000 -> 14900 | V16: =(V15+U16) -> 77600
A17: 46178 | B17: 4017.83 | C17: =(B17-B16)*10000 -> 58500 | D17: =(D16+C17) -> 298600 | E17: 4148.86 | F17: =(E17-E16)*10000 -> 59900 | G17: =(G16+F17) -> 307700 | H17: 658.12 | I17: =(H17-H16)*10000 -> 9600 | J17: =(J16+I17) -> 47800 | K17: 681.48 | L17: =(K17-K16)*10000 -> 10000 | M17: =(M16+L17) -> 47700 | N17: 0 | O17: =(N17-N16)*10000 -> 0 | P17: =(P16+O17) -> 0 | Q17: 1499.4 | R17: =(Q17-Q16)*10000 -> 22200 | S17: =(S16+R17) -> 108800 | T17: 1178.81 | U17: =(T17-T16)*10000 -> 16700 | V17: =(V16+U17) -> 94300
A18: 46179 | B18: 4023.41 | C18: =(B18-B17)*10000 -> 55800 | D18: =(D17+C18) -> 354400 | E18: 4154.61 | F18: =(E18-E17)*10000 -> 57500 | G18: =(G17+F18) -> 365200 | H18: 659.01 | I18: =(H18-H17)*10000 -> 8900 | J18: =(J17+I18) -> 56700 | K18: 682.48 | L18: =(K18-K17)*10000 -> 10000 | M18: =(M17+L18) -> 57700 | N18: 0 | O18: =(N18-N17)*10000 -> 0 | P18: =(P17+O18) -> 0 | Q18: 1501.45 | R18: =(Q18-Q17)*10000 -> 20500 | S18: =(S17+R18) -> 129300 | T18: 1180.46 | U18: =(T18-T17)*10000 -> 16500 | V18: =(V17+U18) -> 110800
A19: 46180 | B19: 4028.94 | C19: =(B19-B18)*10000 -> 55300 | D19: =(D18+C19) -> 409700 | E19: 4160.28 | F19: =(E19-E18)*10000 -> 56700 | G19: =(G18+F19) -> 421900 | H19: 659.97 | I19: =(H19-H18)*10000 -> 9600 | J19: =(J18+I19) -> 66300 | K19: 683.34 | L19: =(K19-K18)*10000 -> 8600 | M19: =(M18+L19) -> 66300 | N19: 0 | O19: =(N19-N18)*10000 -> 0 | P19: =(P18+O19) -> 0 | Q19: 1503.63 | R19: =(Q19-Q18)*10000 -> 21800 | S19: =(S18+R19) -> 151100 | T19: 1181.99 | U19: =(T19-T18)*10000 -> 15300 | V19: =(V18+U19) -> 126100
A20: 46181 | B20: 4032.14 | C20: =(B20-B19)*10000 -> 32000 | D20: =(D19+C20) -> 441700 | E20: 4163.59 | F20: =(E20-E19)*10000 -> 33100 | G20: =(G19+F20) -> 455000 | H20: 660.8 | I20: =(H20-H19)*10000 -> 8300 | J20: =(J19+I20) -> 74600 | K20: 683.7 | L20: =(K20-K19)*10000 -> 3600 | M20: =(M19+L20) -> 69900 | N20: 0 | O20: =(N20-N19)*10000 -> 0 | P20: =(P19+O20) -> 0 | Q20: 1504.82 | R20: =(Q20-Q19)*10000 -> 11900 | S20: =(S19+R20) -> 163000 | T20: 1182.81 | U20: =(T20-T19)*10000 -> 8200 | V20: =(V19+U20) -> 134300
A21: 46182 | B21: 4037.43 | C21: =(B21-B20)*10000 -> 52900 | D21: =(D20+C21) -> 494600 | E21: 4169.06 | F21: =(E21-E20)*10000 -> 54700 | G21: =(G20+F21) -> 509700 | H21: 661.54 | I21: =(H21-H20)*10000 -> 7400 | J21: =(J20+I21) -> 82000 | K21: 684.64 | L21: =(K21-K20)*10000 -> 9400 | M21: =(M20+L21) -> 79300 | N21: 0 | O21: =(N21-N20)*10000 -> 0 | P21: =(P20+O21) -> 0 | Q21: 1506.71 | R21: =(Q21-Q20)*10000 -> 18900 | S21: =(S20+R21) -> 181900 | T21: 1184.52 | U21: =(T21-T20)*10000 -> 17100 | V21: =(V20+U21) -> 151400
A22: 46183 | B22: 4042.89 | C22: =(B22-B21)*10000 -> 54600 | D22: =(D21+C22) -> 549200 | E22: 4174.67 | F22: =(E22-E21)*10000 -> 56100 | G22: =(G21+F22) -> 565800 | H22: 662.5 | I22: =(H22-H21)*10000 -> 9600 | J22: =(J21+I22) -> 91600 | K22: 685.65 | L22: =(K22-K21)*10000 -> 10100 | M22: =(M21+L22) -> 89400 | N22: 0 | O22: =(N22-N21)*10000 -> 0 | P22: =(P21+O22) -> 0 | Q22: 1508.88 | R22: =(Q22-Q21)*10000 -> 21700 | S22: =(S21+R22) -> 203600 | T22: 1185.84 | U22: =(T22-T21)*10000 -> 13200 | V22: =(V21+U22) -> 164600
A23: 46184 | B23: 4048.24 | C23: =(B23-B22)*10000 -> 53500 | D23: =(D22+C23) -> 602700 | E23: 4180.15 | F23: =(E23-E22)*10000 -> 54800 | G23: =(G22+F23) -> 620600 | H23: 663.39 | I23: =(H23-H22)*10000 -> 8900 | J23: =(J22+I23) -> 100500 | K23: 686.54 | L23: =(K23-K22)*10000 -> 8900 | M23: =(M22+L23) -> 98300 | N23: 0 | O23: =(N23-N22)*10000 -> 0 | P23: =(P22+O23) -> 0 | Q23: 1510.82 | R23: =(Q23-Q22)*10000 -> 19400 | S23: =(S22+R23) -> 223000 | T23: 1187.47 | U23: =(T23-T22)*10000 -> 16300 | V23: =(V22+U23) -> 180900
... A35: 46196 | B35: 4114.4 | C35: =(B35-B34)*10000 -> 56000 | D35: =(D34+C35) -> 1264300 | E35: 4247.7 | F35: =(E35-E34)*10000 -> 56700 | G35: =(G34+F35) -> 1296100 | H35: 674.46 | I35: =(H35-H34)*10000 -> 9200 | J35: =(J34+I35) -> 211200 | K35: 697.79 | L35: =(K35-K34)*10000 -> 9400 | M35: =(M34+L35) -> 210800 | N35: 0 | O35: =(N35-N34)*10000 -> 0 | P35: =(P34+O35) -> 0 | Q35: 1535.33 | R35: =(Q35-Q34)*10000 -> 21600 | S35: =(S34+R35) -> 468100 | T35: 1206.82 | U35: =(T35-T34)*10000 -> 15900 | V35: =(V34+U35) -> 374400
A36: 46197 | D36: =(D35+C36) -> 1264300 | G36: =(G35+F36) -> 1296100 | J36: =(J35+I36) -> 211200 | M36: =(M35+L36) -> 210800 | N36: 0 | O36: =(N36-N35)*10000 -> 0 | P36: =(P35+O36) -> 0 | S36: =(S35+R36) -> 468100 | V36: =(V35+U36) -> 374400
A37: 46198 | C37: =(B37-B36)*10000 -> 0 | D37: =(D36+C37) -> 1264300 | F37: =(E37-E36)*10000 -> 0 | G37: =(G36+F37) -> 1296100 | I37: =(H37-H36)*10000 -> 0 | J37: =(J36+I37) -> 211200 | L37: =(K37-K36)*10000 -> 0 | M37: =(M36+L37) -> 210800 | N37: 0 | O37: =(N37-N36)*10000 -> 0 | P37: =(P36+O37) -> 0 | R37: =(Q37-Q36)*10000 -> 0 | S37: =(S36+R37) -> 468100 | U37: =(T37-T36)*10000 -> 0 | V37: =(V36+U37) -> 374400
A38: 46199 | C38: =(B38-B37)*10000 -> 0 | D38: =(D37+C38) -> 1264300 | F38: =(E38-E37)*10000 -> 0 | G38: =(G37+F38) -> 1296100 | I38: =(H38-H37)*10000 -> 0 | J38: =(J37+I38) -> 211200 | L38: =(K38-K37)*10000 -> 0 | M38: =(M37+L38) -> 210800 | N38: 0 | O38: =(N38-N37)*10000 -> 0 | P38: =(P37+O38) -> 0 | R38: =(Q38-Q37)*10000 -> 0 | S38: =(S37+R38) -> 468100 | U38: =(T38-T37)*10000 -> 0 | V38: =(V37+U38) -> 374400
A39: 46200 | C39: =(B39-B38)*10000 -> 0 | D39: =(D38+C39) -> 1264300 | F39: =(E39-E38)*10000 -> 0 | G39: =(G38+F39) -> 1296100 | I39: =(H39-H38)*10000 -> 0 | J39: =(J38+I39) -> 211200 | L39: =(K39-K38)*10000 -> 0 | M39: =(M38+L39) -> 210800 | N39: 0 | O39: =(N39-N38)*10000 -> 0 | P39: =(P38+O39) -> 0 | R39: =(Q39-Q38)*10000 -> 0 | S39: =(S38+R39) -> 468100 | U39: =(T39-T38)*10000 -> 0 | V39: =(V38+U39) -> 374400
A40: 46201 | C40: =(B40-B39)*10000 -> 0 | D40: =(D39+C40) -> 1264300 | F40: =(E40-E39)*10000 -> 0 | G40: =(G39+F40) -> 1296100 | I40: =(H40-H39)*10000 -> 0 | J40: =(J39+I40) -> 211200 | L40: =(K40-K39)*10000 -> 0 | M40: =(M39+L40) -> 210800 | N40: 0 | O40: =(N40-N39)*10000 -> 0 | P40: =(P39+O40) -> 0 | R40: =(Q40-Q39)*10000 -> 0 | S40: =(S39+R40) -> 468100 | U40: =(T40-T39)*10000 -> 0 | V40: =(V39+U40) -> 374400
A41: 46202 | C41: =(B41-B40)*10000 -> 0 | D41: =(D40+C41) -> 1264300 | F41: =(E41-E40)*10000 -> 0 | G41: =(G40+F41) -> 1296100 | I41: =(H41-H40)*10000 -> 0 | J41: =(J40+I41) -> 211200 | L41: =(K41-K40)*10000 -> 0 | M41: =(M40+L41) -> 210800 | N41: 0 | O41: =(N41-N40)*10000 -> 0 | P41: =(P40+O41) -> 0 | R41: =(Q41-Q40)*10000 -> 0 | S41: =(S40+R41) -> 468100 | U41: =(T41-T40)*10000 -> 0 | V41: =(V40+U41) -> 374400
A42: 46203 | C42: =(B42-B41)*10000 -> 0 | D42: =(D41+C42) -> 1264300 | F42: =(E42-E41)*10000 -> 0 | G42: =(G41+F42) -> 1296100 | I42: =(H42-H41)*10000 -> 0 | J42: =(J41+I42) -> 211200 | L42: =(K42-K41)*10000 -> 0 | M42: =(M41+L42) -> 210800 | N42: 0 | O42: =(N42-N41)*10000 -> 0 | P42: =(P41+O42) -> 0 | R42: =(Q42-Q41)*10000 -> 0 | S42: =(S41+R42) -> 468100 | U42: =(T42-T41)*10000 -> 0 | V42: =(V41+U42) -> 374400
A43: 46204 | C43: =(B43-B42)*10000 -> 0 | D43: =(D42+C43) -> 1264300 | F43: =(E43-E42)*10000 -> 0 | G43: =(G42+F43) -> 1296100 | I43: =(H43-H42)*10000 -> 0 | J43: =(J42+I43) -> 211200 | L43: =(K43-K42)*10000 -> 0 | M43: =(M42+L43) -> 210800 | N43: 0 | O43: =(N43-N42)*10000 -> 0 | P43: =(P42+O43) -> 0 | R43: =(Q43-Q42)*10000 -> 0 | S43: =(S42+R43) -> 468100 | U43: =(T43-T42)*10000 -> 0 | V43: =(V42+U43) -> 374400
